SUMLEV,REGION,DIVISION,STATE,NAME,CENSUS2010POP,ESTIMATESBASE2010,POPESTIMATE2010,POPESTIMATE2011,POPESTIMATE2012,POPESTIMATE2013,POPESTIMATE2014,POPESTIMATE2015,NPOPCHG_2010,NPOPCHG_2011,NPOPCHG_2012,NPOPCHG_2013,NPOPCHG_2014,NPOPCHG_2015,BIRTHS2010,BIRTHS2011,BIRTHS2012,BIRTHS2013,BIRTHS2014,BIRTHS2015,DEATHS2010,DEATHS2011,DEATHS2012,DEATHS2013,DEATHS2014,DEATHS2015,NATURALINC2010,NATURALINC2011,NATURALINC2012,NATURALINC2013,NATURALINC2014,NATURALINC2015,INTERNATIONALMIG2010,INTERNATIONALMIG2011,INTERNATIONALMIG2012,INTERNATIONALMIG2013,INTERNATIONALMIG2014,INTERNATIONALMIG2015,DOMESTICMIG2010,DOMESTICMIG2011,DOMESTICMIG2012,DOMESTICMIG2013,DOMESTICMIG2014,DOMESTICMIG2015,NETMIG2010,NETMIG2011,NETMIG2012,NETMIG2013,NETMIG2014,NETMIG2015,RESIDUAL2010,RESIDUAL2011,RESIDUAL2012,RESIDUAL2013,RESIDUAL2014,RESIDUAL2015,RBIRTH2011,RBIRTH2012,RBIRTH2013,RBIRTH2014,RBIRTH2015,RDEATH2011,RDEATH2012,RDEATH2013,RDEATH2014,RDEATH2015,RNATURALINC2011,RNATURALINC2012,RNATURALINC2013,RNATURALINC2014,RNATURALINC2015,RINTERNATIONALMIG2011,RINTERNATIONALMIG2012,RINTERNATIONALMIG2013,RINTERNATIONALMIG2014,RINTERNATIONALMIG2015,RDOMESTICMIG2011,RDOMESTICMIG2012,RDOMESTICMIG2013,RDOMESTICMIG2014,RDOMESTICMIG2015,RNETMIG2011,RNETMIG2012,RNETMIG2013,RNETMIG2014,RNETMIG2015
010,0,0,00,United States,308745538,308758105,309346863,311718857,314102623,316427395,318907401,321418820,588758,2371994,2383766,2324772,2480006,2511419,987836,3973485,3936976,3940576,3958107,3985924,598691,2512442,2501531,2608019,2611362,2625033,389145,1461043,1435445,1332557,1346745,1360891,199613,910951,948321,992215,1133261,1150528,0,0,0,0,0,0,199613,910951,948321,992215,1133261,1150528,0,0,0,0,0,0,12.79569898,12.581786103,12.499249481,12.459909405,12.449666652,8.0907444062,7.9943916275,8.2724657845,8.2204280843,8.1990489032,4.7049545739,4.5873944755,4.2267836961,4.2394813206,4.2506177488,2.9335091945,3.0306438187,3.1472411199,3.5674450924,3.5935682853,0,0,0,0,0,2.9335091945,3.0306438187,3.1472411199,3.5674450924,3.5935682853
020,1,0,00,Northeast Region,55317240,55318348,55387174,55638038,55835056,56019353,56171281,56283891,68826,250864,197018,184297,151928,112610,163421,646260,637884,635765,631620,635486,110778,470867,461046,480036,476784,479649,52643,175393,176838,155729,154836,155837,52737,247391,242341,259986,298609,298875,-34519,-163606,-218973,-215832,-290692,-324078,18218,83785,23368,44154,7917,-25203,-2035,-8314,-3188,-15586,-10825,-18024,11.64168009,11.444627167,11.367723556,11.259763449,11.302032422,8.4821634927,8.2718794905,8.5832289365,8.4995330359,8.5304924882,3.159516597,3.1727476767,2.7844946193,2.7602304128,2.7715399342,4.4564832716,4.3479729736,4.6486500143,5.3232429367,5.3154513872,-2.947186446,-3.928714852,-3.859159454,-5.182108161,-5.763683328,1.5092968253,0.4192581216,0.78949056,0.141134776,-0.448231941
020,2,0,00,Midwest Region,66927001,66929897,66977505,67156488,67340231,67565788,67762069,67907403,47608,178983,183743,225557,196281,145334,212625,834893,830699,830851,833294,835105,140751,586883,584786,605122,591344,589347,71874,248010,245913,225729,241950,245758,24650,113207,122892,130890,150069,151417,-48164,-180659,-184582,-128556,-182237,-238428,-23514,-67452,-61690,2334,-32168,-87011,-752,-1575,-480,-2506,-13501,-13413,12.448641561,12.352702819,12.317478585,12.315187996,12.310875655,8.7506975208,8.6959147308,8.9710155927,8.7394275371,8.6879825109,3.6979440402,3.6567880886,3.3464629921,3.5757604585,3.6228931443,1.6879688358,1.8274349131,1.9404619745,2.2178582197,2.2321454896,-2.693709416,-2.744780711,-1.905860108,-2.69326662,-3.514836411,-1.005740581,-0.917345798,0.0346018661,-0.4754084,-1.282690921
020,3,0,00,South Region,114555744,114562953,114862858,116080267,117331340,118487418,119795010,121182847,299905,1217409,1251073,1156078,1307592,1387837,368752,1509593,1504986,1504764,1521933,1534496,228775,962661,960465,1011030,1016353,1023601,139977,546932,544521,493734,505580,510895,75972,330851,353727,358686,407843,417245,82215,324112,347512,290702,371437,444240,158187,654963,701239,649388,779280,861485,1741,15514,5313,12956,22732,15457,13.073288066,12.895554076,12.762038209,12.774194159,12.73557678,8.336779889,8.2297963871,8.5746359499,8.5306584168,8.4953946619,4.7365081771,4.6657576887,4.1874022592,4.2435357424,4.2401821176,2.8652162735,3.0309289632,3.04204808,3.4231898963,3.462932281,2.806855584,2.977675399,2.4654696892,3.1176197348,3.6869777624,5.6720718575,6.0086043622,5.5075177692,6.5408096312,7.1499100434
020,4,0,00,West Region,71945553,71946907,72119326,72844064,73595996,74354836,75179041,76044679,172419,724738,751932,758840,824205,865638,243038,982739,963407,969196,971260,980837,118387,492031,495234,511831,526881,532436,124651,490708,468173,457365,444379,448401,46254,219502,229361,242653,276740,282991,468,20153,56043,53686,101492,118266,46722,239655,285404,296339,378232,401257,1046,-5625,-1645,5136,1594,15980,13.558443963,13.157697422,13.101595806,12.990501142,12.971999366,6.7883484237,6.7636410419,6.9189337171,7.0469783914,7.0416995429,6.7700955393,6.3940563805,6.1826620887,5.943522751,5.9302998233,3.0283784064,3.1324898392,3.280184325,3.7013686203,3.7426800505,0.2780426148,0.7654053133,0.725727585,1.3574449086,1.5641197029,3.3064210212,3.8978951525,4.00591191,5.0588135289,5.3067997534
040,3,6,01,Alabama,4779736,4780127,4785161,4801108,4816089,4830533,4846411,4858979,5034,15947,14981,14444,15878,12568,14226,59689,59062,57938,58334,58305,11089,48811,48357,50843,50228,50330,3137,10878,10705,7095,8106,7975,1357,4926,4904,4834,5529,5726,537,11,-929,1838,2816,-2268,1894,4937,3975,6672,8345,3458,3,132,301,677,-573,1135,12.453020044,12.282580881,12.012080498,12.056285538,12.014973123,10.183523955,10.056360497,10.541099257,10.380963246,10.371556424,2.2694960886,2.2262203842,1.4709812409,1.6753222918,1.6434166994,1.0277199607,1.0198397724,1.0022161125,1.1427161302,1.1799628866,0.0022949492,-0.193195585,0.3810660353,0.5820019213,-0.467369163,1.0300149099,0.8266441875,1.3832821479,1.7247180515,0.7125937237
040,4,9,02,Alaska,710231,710249,714021,722720,731228,737442,737046,738432,3772,8699,8508,6214,-396,1386,2892,11711,11126,11348,11462,11498,918,3928,3934,4040,4172,4282,1974,7783,7192,7308,7290,7216,568,1512,2737,2319,2335,2601,1191,-843,-1415,-2875,-10645,-7678,1759,669,1322,-556,-8310,-5077,39,247,-6,-538,624,-753,16.302172765,15.304536338,15.453437464,15.547091601,15.58545773,5.4679305456,5.4114727624,5.5015762561,5.6589134669,5.8042207339,10.834242219,9.8930635759,9.9518612078,9.8881781337,9.7812369957,2.104763489,3.7649214415,3.157959242,3.1672010895,3.5256371156,-1.173489167,-1.946424494,-3.915106865,-14.43891032,-10.40747473,0.9312743215,1.8184969476,-0.757147623,-11.27170923,-6.881837615
040,4,8,04,Arizona,6392017,6392307,6408208,6468732,6553262,6630799,6728783,6828065,15901,60524,84530,77537,97984,99282,20937,86104,85566,86103,86556,87385,11489,48152,48759,50592,52148,53233,9448,37952,36807,35511,34408,34152,2266,12638,13618,14622,16976,17344,4417,8547,34155,25745,41548,45934,6683,21185,47773,40367,58524,63278,-230,1387,-50,1659,5052,1852,13.373363548,13.141766153,13.061681071,12.957890449,12.891639709,7.4787954281,7.4887148619,7.674721772,7.806831082,7.8533004132,5.8945681194,5.6530512915,5.3869592988,5.151059367,5.0383392954,1.9628886987,2.0915383619,2.218132941,2.541396879,2.5587068617,1.3274892948,5.2457403989,3.9054734349,6.2199550854,6.7765014405,3.2903779935,7.3372787608,6.1236063759,8.7613519645,9.3352083021
040,3,7,05,Arkansas,2915918,2915958,2922394,2938538,2949499,2957957,2966835,2978204,6436,16144,10961,8458,8878,11369,9439,38445,38604,37979,37912,37820,7023,29427,29741,30945,29154,29401,2416,9018,8863,7034,8758,8419,736,2816,3176,3321,3813,3893,3182,4001,-1273,-1306,-3143,-1212,3918,6817,1903,2015,670,2681,102,309,195,-591,-550,269,13.119073895,13.112689339,12.857988278,12.797748849,12.723213422,10.041747626,10.102178366,10.476590939,9.8413581439,9.8909359552,3.0773262682,3.0105109734,2.3813973392,2.9563907054,2.832277467,0.9609393182,1.0787975687,1.1243418487,1.2871337931,1.3096634017,1.3653118651,-0.432402174,-0.442153103,-1.060965516,-0.40773492,2.3262511833,0.6463953946,0.6821887459,0.2261682773,0.9019284819
040,4,9,06,California,37253956,37254503,37334079,37700034,38056055,38414128,38792291,39144818,79576,365955,356021,358073,378163,352527,123324,509767,497431,499617,499583,503849,57284,238466,239640,247854,257309,260624,66040,271301,257791,251763,242274,243225,29855,146698,144350,155560,177814,180722,-17188,-43087,-44082,-51230,-33309,-77219,12667,103611,100268,104330,144505,103503,869,-8957,-2038,1980,-8616,5799,13.58760648,13.132436127,13.066975399,12.941488712,12.929630223,6.3562022783,6.3266201612,6.4823697362,6.6654820501,6.6880592145,7.2314042014,6.8058159655,6.5846056626,6.2760066621,6.2415710082,3.9101681658,3.81091479,4.0685138677,4.6061973163,4.6376367386,-1.148464299,-1.16378764,-1.339868639,-0.862855717,-1.98157209,2.7617038666,2.6471271504,2.728645229,3.7433415996,2.6560646482
040,4,8,08,Colorado,5029196,5029324,5048254,5119480,5191731,5271132,5355588,5456574,18930,71226,72251,79401,84456,100986,16791,65916,64740,64739,66159,67057,7856,32005,32706,33578,34596,35126,8935,33911,32034,31161,31563,31931,1904,8826,11267,11244,12694,13322,7546,26603,28425,36117,39187,54459,9450,35429,39692,47361,51881,67781,545,1886,525,879,1012,1274,12.965720779,12.557205938,12.375006726,12.451443155,12.403994687,6.2954046595,6.3437747516,6.4185108799,6.5111341976,6.4974979102,6.6703161196,6.2134311867,5.9564958463,5.940308957,5.9064967765,1.7360800351,2.1853883118,2.1493161097,2.3890720749,2.4642620042,5.2328276881,5.5134164164,6.9038464902,7.3751825587,10.073655944,6.9689077232,7.6988047282,9.0531625999,9.7642546336,12.537917948
040,1,1,09,Connecticut,3574097,3574118,3579717,3589759,3593541,3597168,3594762,3590886,5599,10042,3782,3627,-2406,-3876,9489,37636,36849,36134,36182,36225,6834,29321,29096,29784,29742,29594,2655,8315,7753,6350,6440,6631,3379,16131,15247,16005,18664,18769,-273,-13351,-19076,-17007,-27211,-27619,3106,2780,-3829,-1002,-8547,-8850,-162,-1053,-142,-1721,-299,-1657,10.498954177,10.259629975,10.050191156,10.061833194,10.082597979,8.179398327,8.1010120697,8.2840231749,8.2709370086,8.2369745916,2.3195558504,2.1586179054,1.7661679815,1.790896185,1.8456233871,4.4999104537,4.2451241073,4.4515777234,5.1902618629,5.2240243329,-3.7244005,-5.311207941,-4.730270687,-7.567092561,-7.687267731,0.7755099536,-1.066083833,-0.278692963,-2.376830698,-2.463243399
040,3,5,10,Delaware,897934,897936,899791,907916,917099,925353,935968,945934,1855,8125,9183,8254,10615,9966,2847,11299,11158,10890,10927,11033,1842,7875,7698,8098,8227,8445,1005,3424,3460,2792,2700,2588,536,2228,2524,2552,2922,2953,269,2592,3280,2920,4752,4225,805,4820,5804,5472,7674,7178,45,-119,-81,-10,241,200,12.500919673,12.227844703,11.821203483,11.741123643,11.725371459,8.7126951436,8.4360950458,8.79045967,8.8399582877,8.9749625645,3.7882245297,3.7917496569,3.0307438131,2.9011653551,2.7504088948,2.4650012419,2.766004663,2.7702214223,3.1397056177,3.1383143224,2.867721373,3.5944910042,3.1696890882,5.1060510251,4.4901381687,5.3327226149,6.3604956672,5.9399105106,8.2457566427,7.6284524911
040,3,5,11,District of Columbia,601723,601767,605126,620472,635342,649540,659836,672228,3359,15346,14870,14198,10296,12392,2243,9196,9234,9447,9415,9593,1180,4671,4537,4809,5030,5218,1063,4525,4697,4638,4385,4375,734,3351,3717,3968,4516,4551,1424,7084,6312,6076,969,3731,2158,10435,10029,10044,5485,8282,138,386,144,-484,426,-265,15.006551904,14.705999455,14.704852274,14.380895938,14.403211858,7.6224014726,7.225592325,7.4855122883,7.6830490249,7.8344584044,7.3841504311,7.4804071304,7.2193399861,6.6978469133,6.5687534533,5.4683509601,5.9196664474,6.1764426617,6.8979422259,6.8330050208,11.560071084,10.052444072,9.4576778257,1.480094335,5.601832945,17.028422044,15.97211052,15.634120487,8.3780365609,12.434837966
040,3,5,12,Florida,18801310,18804623,18849890,19105533,19352021,19594467,19905569,20271272,45267,255643,246488,242446,311102,365703,50872,213217,214036,213004,218088,220628,41790,174504,173736,181616,187736,190735,9082,38713,40300,31388,30352,29893,24137,110220,106486,111357,128770,129525,12076,105446,98801,94395,137432,202510,36213,215666,205287,205752,266202,332035,-28,1264,901,5306,14548,3775,11.235127059,11.13102513,10.938290508,11.042420316,10.98284457,9.1952077573,9.0352080114,9.3264378549,9.5056115898,9.4947733696,2.0399193022,2.0958171183,1.6118526528,1.5368087259,1.4880712,5.8078657166,5.5378456987,5.7184617006,6.5199940577,6.447744361,5.556307461,5.1381842953,4.8474203887,6.9585759365,10.080931948,11.364173178,10.676029994,10.565882089,13.478569994,16.528676309
040,3,5,13,Georgia,9687653,9688681,9713454,9812280,9917639,9991562,10097132,10214860,24773,98826,105359,73923,105570,117728,32489,132615,131887,128673,129722,130592,17202,71077,70395,74792,76120,77052,15287,61538,61492,53881,53602,53540,5311,22187,25253,24827,28252,29141,3708,10901,17955,-6046,21962,34013,9019,33088,43208,18781,50214,63154,467,4200,659,1261,1754,1034,13.583612273,13.36923887,12.925983318,12.914926177,12.858610815,7.2803409081,7.1358630514,7.513310052,7.5783921045,7.5868482028,6.3032713649,6.2333758187,5.412673266,5.3365340723,5.271762612,2.2725906232,2.5598685935,2.4940227385,2.8127264022,2.8693394523,1.116577743,1.8200784301,-0.607357372,2.1865035129,3.349056065,3.3891683662,4.3799470236,1.8866653664,4.9992299151,6.2183955173
040,4,9,15,Hawaii,1360301,1360301,1363980,1378227,1392641,1408765,1420257,1431603,3679,14247,14414,16124,11492,11346,4646,19153,18891,19037,19021,19298,2532,10084,10247,10338,11601,11684,2114,9069,8644,8699,7420,7614,2001,6805,9441,8899,9508,10128,-425,-999,-3541,-1455,-4977,-7026,1576,5806,5900,7444,4531,3102,-11,-628,-130,-19,-459,630,13.969040266,13.635438426,13.591032503,13.447049899,13.53362367,7.3546599509,7.3962382907,7.380579609,8.2014208444,8.1939506147,6.6143803148,6.2392001351,6.210452894,5.2456290548,5.3396730555,4.9631555896,6.8144711332,6.3532383382,6.7217575544,7.1027329532,-0.728610203,-2.555877797,-1.038764106,-3.518530432,-4.927310597,4.2345453863,4.2585933361,5.3144742319,3.2032271223,2.1754223559
040,4,8,16,Idaho,1567582,1567652,1570986,1584134,1596097,1612785,1634806,1654930,3334,13148,11963,16688,22021,20124,5971,22955,22364,22705,22487,22751,2571,11884,11895,12299,12045,11826,3400,11071,10469,10406,10442,10925,361,1401,1750,1830,2130,2217,-377,111,-255,5004,8425,6880,-16,1512,1495,6834,10555,9097,-50,565,-1,-552,1024,102,14.550952103,14.064387147,14.15134617,13.84841872,13.83150502,7.5331524633,7.4805886742,7.6655981741,7.4178059984,7.1896346698,7.01779964,6.5837984725,6.4857479957,6.4306127219,6.6418703507,0.8880803266,1.1005489853,1.1405841661,1.311741534,1.3478285188,0.0703618246,-0.160365709,3.1188432607,5.1884612317,4.1827064543,0.9584421512,0.940183276,4.2594274267,6.5002027657,5.530534973
040,2,3,17,Illinois,12830632,12831549,12841249,12861882,12875167,12889580,12882189,12859995,9700,20633,13285,14413,-7391,-22194,41836,162427,160140,157510,156913,156440,24062,101613,101296,104306,103836,104233,17774,60814,58844,53204,53077,52207,5605,28568,29419,31930,37162,37682,-13494,-67385,-74704,-68392,-96762,-105217,-7889,-38817,-45285,-36462,-59600,-67535,-185,-1364,-274,-2329,-868,-6866,12.638693706,12.44431714,12.22678414,12.17712296,12.154368876,7.9066631999,7.8716095229,8.0967998638,8.0581197201,8.0982250768,4.7320305063,4.5727076169,4.1299842766,4.1190032396,4.0561437988,2.2229198458,2.2861206815,2.4785805193,2.8839308625,2.9276459216,-5.243330083,-5.805172147,-5.308959564,-7.509146927,-8.174675467,-3.020410237,-3.519051465,-2.830379045,-4.625216065,-5.247029545
040,2,3,18,Indiana,6483802,6484229,6490590,6516845,6538283,6570518,6597880,6619680,6361,26255,21438,32235,27362,21800,20961,83457,83060,83376,83284,83796,13869,57892,58625,60701,59222,58536,7092,25565,24435,22675,24062,25260,2197,9439,9877,10874,12513,12574,-2954,-8413,-12795,-762,-7506,-14881,-757,1026,-2918,10112,5007,-2307,26,-336,-79,-552,-1707,-1153,12.832199431,12.72450182,12.720614189,12.649070904,12.679496064,8.9013706392,8.9811451868,9.2611063361,8.9945641072,8.8573080054,3.9308287914,3.7433566335,3.4595078528,3.6545067973,3.8221880589,1.4513238006,1.5131218936,1.6590380768,1.9004589624,1.9026204534,-1.293567871,-1.960149299,-0.116257772,-1.140001996,-2.251701524,0.1577559296,-0.447027406,1.5427803046,0.7604569667,-0.349081071
040,2,4,19,Iowa,3046355,3046869,3050694,3065389,3076636,3092224,3109481,3123899,3825,14695,11247,15588,17257,14418,9967,37856,38471,38805,39366,39470,6870,28207,28049,29141,27921,27728,3097,9649,10422,9664,11445,11742,988,4840,5090,5559,6394,6409,-160,404,-4282,614,203,-3949,828,5244,808,6173,6597,2460,-100,-198,17,-249,-785,216,12.3791649,12.527138851,12.580930674,12.695218492,12.664076312,9.2238774392,9.1334698247,9.4477747915,9.0042980116,8.8966178863,3.1552874609,3.3936690261,3.1331558829,3.6909204807,3.7674584254,1.582712334,1.6574338268,1.8022778925,2.0620135914,2.0563482412,0.132110699,-1.394328418,0.1990643328,0.0654658679,-1.267049338,1.714823033,0.263105409,2.0013422253,2.1274794593,0.7892989036
040,2,4,20,Kansas,2853118,2853132,2858824,2869917,2886281,2894630,2902507,2911641,5692,11093,16364,8349,7877,9134,9992,40118,39590,39716,38955,38954,5995,25177,24966,25594,24367,24141,3997,14941,14624,14122,14588,14813,1304,5040,6775,6377,7035,7317,492,-8985,-5069,-12313,-13692,-13030,1796,-3945,1706,-5936,-6657,-5713,-101,97,34,163,-54,34,14.005869702,13.755607434,13.740394896,13.439392583,13.399727699,8.789714878,8.6744757564,8.8546597586,8.4065634467,8.3042261738,5.2161548235,5.0811316775,4.8857351376,5.0328291362,5.0955015249,1.7595489131,2.3539843487,2.2062266657,2.4270601161,2.5169637925,-3.136814878,-1.76123198,-4.259882223,-4.723711032,-4.482170045,-1.377265965,0.5927523688,-2.053655557,-2.296650916,-1.965206252
040,3,6,21,Kentucky,4339367,4339349,4347937,4367882,4382667,4398500,4412617,4425092,8588,19945,14785,15833,14117,12475,13691,55313,55298,56039,55403,55691,10527,42533,42871,44433,43063,43086,3164,12780,12427,11606,12340,12605,1366,5124,6857,6501,7207,7400,4069,2390,-4617,-2348,-4345,-7441,5435,7514,2240,4153,2862,-41,-11,-349,118,74,-1085,-89,12.69255362,12.638749866,12.7634516,12.575704079,12.603039996,9.7599548591,9.7984709302,10.120067185,9.7746971241,9.7504907663,2.9325987609,2.8402789356,2.6433844158,2.8010069552,2.8525492297,1.1757931182,1.5672159541,1.4806687995,1.6358879357,1.6746421499,0.5484280938,-1.055248076,-0.534780855,-0.98625407,-1.683920573,1.724221212,0.5119678777,0.9458879441,0.6496338659,-0.009278423
040,3,7,22,Louisiana,4533372,4533479,4544951,4575381,4603676,4627491,4648990,4670724,11472,30430,28295,23815,21499,21734,14573,62316,62263,62531,63583,63515,9184,40755,40733,43781,43282,43124,5389,21561,21530,18750,20301,20391,1804,6732,7356,7222,8086,8273,4108,2160,-828,-2310,-6339,-7358,5912,8892,6528,4912,1747,915,171,-23,237,153,-549,428,13.665292009,13.566317324,13.547799536,13.708431031,13.630246593,8.9371746555,8.8752036293,9.4854745884,9.3315557915,9.254361239,4.7281173536,4.691113695,4.0623249476,4.3768752397,4.3758853544,1.4762620484,1.6027790219,1.5646992412,1.7433334904,1.7753763688,0.4736669674,-0.180410689,-0.500478434,-1.366682042,-1.579018412,1.9499290157,1.4223683326,1.0642208076,0.3766514479,0.1963579569
040,1,1,23,Maine,1328361,1328361,1327695,1328257,1328888,1328778,1330256,1329328,-666,562,631,-110,1478,-928,3443,12631,12801,12864,12732,12837,3099,13032,12749,13402,13385,13287,344,-401,52,-538,-653,-450,239,1170,1258,1323,1523,1528,-1259,91,-586,-1317,646,-1718,-1020,1261,672,6,2169,-190,10,-298,-93,422,-38,-288,9.5114670747,9.63515352,9.6806746973,9.5764100798,9.6533894023,9.8134303632,9.5960137667,10.085541223,10.06756589,9.9917881894,-0.301963288,0.0391397534,-0.404866526,-0.491155811,-0.338398787,0.8810400188,0.9468809568,0.9956104341,1.1455287898,1.1490518818,0.0685253348,-0.441074913,-0.991095194,0.4858907408,-1.29193137,0.9495653536,0.5058060437,0.0045152401,1.6314195306,-0.142879488
040,3,5,24,Maryland,5773552,5773785,5788409,5844171,5890740,5936040,5975346,6006401,14624,55762,46569,45300,39306,31055,18461,73541,72712,72361,72322,72754,10630,43663,43453,45730,47119,47898,7831,29878,29259,26631,25203,24856,6108,26340,26198,27512,31027,31330,807,450,-8364,-9103,-15106,-24738,6915,26790,17834,18409,15921,6592,-122,-906,-524,260,-1818,-393,12.643970641,12.392424621,12.236804946,12.143339155,12.144138914,7.5070190792,7.4057655827,7.7332968061,7.9115898016,7.9951613066,5.1369515619,4.9866590381,4.50350814,4.2317493531,4.1489776074,4.5286600221,4.4649678212,4.6524920562,5.2096372328,5.2296213566,0.077368907,-1.425490146,-1.539387729,-2.536396688,-4.12928098,4.6060289291,3.0394776748,3.1131043276,2.6732405448,1.1003403761
040,1,1,25,Massachusetts,6547629,6547817,6565036,6611797,6657780,6708810,6755124,6794422,17219,46761,45983,51030,46314,39298,18647,73185,72208,72165,72430,73104,12292,54016,52418,54789,55092,55291,6355,19169,19790,17376,17338,17813,7065,34944,35490,37851,43576,43508,3740,-4856,-8846,-3472,-11694,-21805,10805,30088,26644,34379,31882,21703,59,-2496,-451,-725,-2906,-218,11.108131977,10.883240664,10.797817544,10.759113941,10.790619848,8.1986316439,7.9004779127,8.197902382,8.1836408289,8.1613066593,2.9095003329,2.9827627512,2.5999151616,2.5754731121,2.6293131888,5.3038541203,5.3490778191,5.6635237559,6.4729966739,6.422060193,-0.737051156,-1.333275356,-0.519504227,-1.737085164,-3.218558024,4.566802964,4.015802463,5.1440195293,4.73591151,3.203502169
040,2,3,26,Michigan,9883640,9884129,9877369,9876589,9886879,9900506,9916306,9922576,-6760,-780,10290,13627,15800,6270,29102,113984,113080,113008,114148,114521,22145,89873,89050,92315,91505,90822,6957,24111,24030,20693,22643,23699,3796,17972,19598,21268,24255,24202,-18052,-43108,-33437,-28825,-28797,-38911,-14256,-25136,-13839,-7557,-4542,-14709,539,245,99,491,-2301,-2720,11.540370796,11.443335755,11.422226838,11.520319212,11.545106221,9.0992397574,9.0115763084,9.3306922567,9.2350878638,9.1559594941,2.4411310381,2.4317594463,2.0915345812,2.285231348,2.3891467271,1.8195847131,1.9832551655,2.1496524174,2.4479214921,2.4398552297,-4.364492422,-3.383717878,-2.913472397,-2.906320149,-3.922700886,-2.544907709,-1.400462712,-0.763819979,-0.458398657,-1.482845656
040,2,4,27,Minnesota,5303925,5303925,5310903,5348119,5380443,5420541,5457125,5489594,6978,37216,32324,40098,36584,32469,17500,68372,68059,68962,69688,69852,9345,39982,39309,41318,40302,40142,8155,28390,28750,27644,29386,29710,2789,12569,12501,13587,15455,15473,-3914,-3716,-8731,-1575,-6545,-12242,-1125,8853,3770,12012,8910,3231,-52,-27,-196,442,-1712,-472,12.828944344,12.687441243,12.76957729,12.813042798,12.762180156,7.5020015908,7.327915894,7.65078441,7.4100455006,7.3340696879,5.3269427533,5.3595253492,5.1187928804,5.4029972974,5.4281104685,2.3583777198,2.330414831,2.5158818863,2.8416022334,2.8269657785,-0.69724971,-1.627617942,-0.291640095,-1.203383152,-2.236651914,1.6611280097,0.7027968893,2.2242417913,1.6382190812,0.5903138648
040,3,6,28,Mississippi,2967297,2968103,2970316,2977999,2985660,2990976,2993443,2992333,2213,7683,7661,5316,2467,-1110,9421,39741,39421,38486,38573,38548,6645,29129,29019,30633,29933,29802,2776,10612,10402,7853,8640,8746,579,1843,2778,2400,2582,2770,-1048,-5779,-5659,-4776,-9007,-12230,-469,-3936,-2881,-2376,-6425,-9460,-94,1007,140,-161,252,-396,13.362103386,13.220407136,12.878816779,12.891142816,12.879867205,9.7940341088,9.7319447675,10.250917071,10.003644464,9.957606165,3.5680692768,3.4884623685,2.6278997081,2.887498352,2.9222610402,0.6196712851,0.9316428052,0.803127378,0.8629074936,0.9255274504,-1.943071273,-1.897828162,-1.598223482,-3.010150192,-4.08635405,-1.323399988,-0.966185357,-0.795096104,-2.147242698,-3.1608266
040,2,4,29,Missouri,5988927,5988927,5996052,6010587,6025468,6043708,6063827,6083672,7125,14535,14881,18240,20119,19845,19012,76238,75429,75176,75643,75559,13179,55976,55632,57575,56434,56491,5833,20262,19797,17601,19209,19068,1856,7573,8791,8922,10021,10210,-276,-13426,-13454,-7792,-8126,-8744,1580,-5853,-4663,1130,1895,1466,-288,126,-253,-491,-985,-689,12.699307441,12.53384103,12.457519884,12.495194108,12.440256221,9.3241747337,9.2442249558,9.5408336079,9.3221287405,9.3008445607,3.3751327078,3.2896160744,2.9166862758,3.173065368,3.13941166,1.2614687591,1.4607776385,1.4784770725,1.6553328155,1.6810044603,-2.236429362,-2.235616238,-1.291223195,-1.342304606,-1.439637904,-0.974960603,-0.7748386,0.1872538771,0.3130282093,0.2413665562
040,4,8,30,Montana,989415,989417,990643,997746,1005157,1014402,1023252,1032949,1226,7103,7411,9245,8850,9697,3068,11999,12037,12207,12520,12593,2389,9125,8964,9439,9077,9204,679,2874,3073,2768,3443,3389,202,608,742,671,718,751,408,3432,3573,5683,4447,5268,610,4040,4315,6354,5165,6019,-63,189,23,123,242,289,12.069066968,12.019553618,12.088777798,12.288641742,12.248802525,9.1782845308,8.9510076125,9.3475852897,8.9092652629,8.9524321795,2.8907824374,3.0685460055,2.7411925079,3.379376479,3.2963703451,0.6115503556,0.740924548,0.6645015075,0.7047320104,0.7304733341,3.452040823,3.5678213074,5.627961352,4.3648234686,5.1240126816,4.0635911786,4.3087458554,6.2924628595,5.069555479,5.8544860157
040,2,4,31,Nebraska,1826341,1826341,1830025,1842383,1855973,1869300,1882980,1896190,3684,12358,13590,13327,13680,13210,6515,25730,25766,26020,26147,26256,3656,15620,15217,16172,14670,14697,2859,10110,10549,9848,11477,11559,799,3315,4052,4172,4730,4825,114,-1163,-919,-488,-2500,-2775,913,2152,3133,3684,2230,2050,-88,96,-92,-205,-27,-399,14.012604264,13.933758675,13.969445998,13.936593218,13.895114536,8.5066800857,8.2290617777,8.6823167054,7.8192458985,7.7778983216,5.5059241784,5.7046968978,5.2871292923,6.1173473195,6.1172162141,1.8053549606,2.1912438932,2.2398358456,2.5211338173,2.5534707356,-0.633371891,-0.496977576,-0.261994222,-1.332523159,-1.468576433,1.1719830694,1.6942663173,1.977841624,1.1886106581,1.0848943022
040,4,8,32,Nevada,2700551,2700691,2703440,2718819,2754874,2790366,2838281,2890845,2749,15379,36055,35492,47915,52564,8892,35847,34709,35092,35380,36036,4945,20193,20402,21254,22083,22345,3947,15654,14307,13838,13297,13691,1538,7456,7164,7672,8963,9156,-2731,-7410,14524,13437,23452,27959,-1193,46,21688,21109,32415,37115,-5,-321,60,545,2203,1758,13.222164415,12.682114251,12.656620814,12.571404815,12.579929295,7.4481871855,7.4545649528,7.6656736228,7.8466459169,7.8004917329,5.7739772298,5.2275492981,4.9909471907,4.7247588985,4.7794375617,2.7501452808,2.6176111813,2.7670578731,3.1847795749,3.1962990515,-2.733178183,5.3068376323,4.8463186445,8.3330860862,9.7603020077,0.016967098,7.9244488136,7.6133765175,11.517865661,12.956601059
040,1,1,33,New Hampshire,1316470,1316466,1316708,1318344,1321393,1322660,1327996,1330608,242,1636,3049,1267,5336,2612,3269,12993,12369,12597,12319,12562,2519,10736,10501,10867,10971,10980,750,2257,1868,1730,1348,1582,416,1762,1816,1906,2233,2244,-923,-2170,-578,-2580,1894,-1167,-507,-408,1238,-674,4127,1077,-1,-213,-57,211,-139,-47,9.861664969,9.3713881345,9.5285533233,9.2950575254,9.4500722936,8.148605796,7.9560956262,8.2199562566,8.2779508167,8.2599740315,1.713059173,1.4152925083,1.3085970667,1.0171067087,1.1900982621,1.3373550123,1.375894644,1.4417260168,1.6848659351,1.6881039824,-1.647026321,-0.437922414,-1.951549383,1.4290801975,-0.877904344,-0.309671308,0.9379722298,-0.509823366,3.1139461326,0.8101996386
040,1,2,34,New Jersey,8791894,8791936,8803881,8842934,8874893,8907384,8938844,8958013,11945,39053,31959,32491,31460,19169,26529,106684,104516,103462,102690,103006,17104,71064,69042,72425,71569,72065,9425,35620,35474,31037,31121,30941,11089,49032,46157,49859,57086,57083,-8503,-44996,-49289,-45678,-55474,-65254,2586,4036,-3132,4181,1612,-8171,-66,-603,-383,-2727,-1273,-3601,12.091020391,11.797835028,11.636530012,11.50831425,11.511071469,8.0540312799,7.7935065062,8.1457509632,8.020630466,8.0533693709,4.0369891111,4.0043285218,3.4907790493,3.4876837839,3.4577020982,5.5570367797,5.2102326092,5.6077182916,6.3975423826,6.3791089128,-5.099617126,-5.563774835,-5.137474801,-6.216887961,-7.292230139,0.4574196533,-0.353542226,0.4702434902,0.1806544218,-0.913121226
040,4,8,35,New Mexico,2059179,2059192,2064741,2078226,2084792,2086890,2085567,2085109,5549,13485,6566,2098,-1323,-458,6649,27803,27038,26732,26299,26286,3810,16374,16458,16800,17112,17050,2839,11429,10580,9932,9187,9236,512,2188,3147,3013,3435,3631,2093,92,-7117,-10658,-14099,-13352,2605,2280,-3970,-7645,-10664,-9721,105,-224,-44,-189,154,27,13.421782022,12.989614746,12.815933717,12.606001692,12.60515082,7.9044800502,7.9067637949,8.0543051939,8.2023613425,8.1761325982,5.5173019722,5.0828509509,4.761628523,4.4036403491,4.4290182215,1.0562478533,1.5118839265,1.4445012827,1.6465118754,1.7412045433,0.0444126154,-3.419154085,-5.109689569,-6.758128364,-6.402798971,1.1006604687,-1.907270158,-3.665188286,-5.111616489,-4.661594427
040,1,2,36,New York,19378102,19378087,19402920,19523202,19606981,19691032,19748858,19795791,24833,120282,83779,84051,57826,46933,61414,243118,239923,239873,236966,238831,35134,149739,146894,152580,152921,154974,26280,93379,93029,87293,84045,83857,24096,112765,108440,117292,134010,134160,-24399,-84753,-116322,-109276,-160329,-157992,-303,28012,-7882,8016,-26319,-23832,-1144,-1109,-1368,-11258,100,-13092,12.491252018,12.262810015,12.207894582,12.016564955,12.079055247,7.6934969273,7.5079638651,7.7652781071,7.7546362325,7.8379251767,4.797755091,4.7548461503,4.4426164753,4.2619287224,4.2411300705,5.7937957447,5.542524552,5.9693603338,6.7956578986,6.7852416644,-4.354556562,-5.945384922,-5.561400776,-8.130296509,-7.990562769,1.4392391824,-0.40286037,0.4079595576,-1.334638611,-1.205321104
040,3,5,37,North Carolina,9535483,9535692,9558979,9651025,9747021,9845432,9940387,10042802,23287,92046,95996,98411,94955,102415,29914,121043,119567,119385,119926,120676,18680,79938,79503,84312,84610,85357,11234,41105,40064,35073,35316,35319,5097,18006,23515,21660,23531,25066,6944,30572,31760,38379,34337,38197,12041,48578,55275,60039,57868,63263,12,2363,657,3299,1771,3833,12.602079625,12.327736515,12.186835411,12.122419598,12.077751954,8.3225386106,8.1970111835,8.6065792783,8.5525901152,8.5428807184,4.2795410142,4.1307253318,3.5802561323,3.5698294824,3.534871236,1.8746482302,2.4244710008,2.2110554508,2.3785722491,2.5087086951,3.1829248968,3.2745566229,3.9177330169,3.4708697173,3.8229133498,5.057573127,5.6990276237,6.1287884677,5.8494419665,6.3316220449
040,2,4,38,North Dakota,672591,672591,674530,685326,702265,723626,740040,756927,1939,10796,16939,21361,16414,16887,2341,9197,9875,10249,10933,11170,1493,6054,5935,6227,5892,5879,848,3143,3940,4022,5041,5291,287,1036,1708,1574,1685,1767,842,6143,11107,15857,9133,9966,1129,7179,12815,17431,10818,11733,-38,474,184,-92,555,-137,13.52643221,14.233300735,14.375572887,14.93920061,14.923508668,8.9038839407,8.55439391,8.7341879569,8.0510171036,7.8545485639,4.6225482698,5.6789068248,5.6413849305,6.8881835063,7.068960104,1.5236907437,2.461820522,2.207742387,2.3024378513,2.360773484,9.0347801532,16.009040128,22.241531786,12.479623083,13.314922774,10.558470897,18.47086065,24.449274173,14.782060935,15.675696258
040,2,3,39,Ohio,11536504,11536725,11540766,11545442,11551783,11572232,11596998,11613423,4041,4676,6341,20449,24766,16425,34809,137935,137693,139092,139156,139884,26464,110708,111384,114449,111796,111722,8345,27227,26309,24643,27360,28162,3530,15715,16939,17915,20652,20693,-7713,-36821,-37114,-21727,-18624,-31297,-4183,-21106,-20175,-3812,2028,-10604,-121,-1445,207,-382,-4622,-1133,11.949558802,11.922904158,12.030090795,12.012138513,12.053551291,9.590834493,9.6447949916,9.8987135236,9.6503854466,9.6268826834,2.3587243085,2.2781091668,2.1313772716,2.3617530665,2.4266686072,1.3614189043,1.4667562878,1.5494714045,1.7827092225,1.7830783854,-3.1898699,-3.213719397,-1.879171934,-1.607649456,-2.696805887,-1.828450996,-1.746963109,-0.32970053,0.1750597668,-0.913727502
040,3,7,40,Oklahoma,3751351,3751616,3759596,3786626,3817679,3853405,3879610,3911338,7980,27030,31053,35726,26205,31728,13144,52555,52351,53344,53547,53966,8174,37639,36946,38593,38034,38052,4970,14916,15405,14751,15513,15914,1245,4972,6594,6280,7001,7267,1679,6394,8967,14011,4294,8199,2924,11366,15561,20291,11295,15466,86,748,87,684,-603,348,13.928824251,13.768779658,13.907812768,13.848932144,13.853513077,9.9755877842,9.7171273377,10.061941702,9.8367842297,9.768259267,3.9532364672,4.0516523206,3.8458710659,4.0121479138,4.0852538099,1.3177454891,1.7342807791,1.6373174899,1.8106779826,1.865498268,1.6946228192,2.3584009321,3.6529387502,1.1105629564,2.104750282,3.0123683083,4.0926817112,5.2902562402,2.921240939,3.97024855
040,4,9,41,Oregon,3831074,3831073,3837972,3868509,3899444,3928030,3971202,4028977,6899,30537,30935,28586,43172,57775,11877,45395,44911,45005,45603,46091,7774,32537,32938,33424,33913,33700,4103,12858,11973,11581,11690,12391,1389,6009,6026,6754,7990,8111,1505,11411,13028,9902,22738,34824,2894,17420,19054,16656,30728,42935,-98,259,-92,349,754,2449,11.780993167,11.563149262,11.499239729,11.546185756,11.522492184,8.4440615632,8.4804838546,8.5401752852,8.5864043492,8.4248114948,3.3369316034,3.0826654075,2.959064444,2.9597814066,3.0976806894,1.5594666359,1.5515026932,1.7257163678,2.0229814747,2.0277046301,2.9614035252,3.3542942394,2.5300626997,5.7570153655,8.7058052076,4.5208701611,4.9057969326,4.2557790674,7.7799968402,10.733509838
040,1,2,42,Pennsylvania,12702379,12702887,12712014,12745202,12772789,12783536,12793767,12802503,9127,33188,27587,10747,10231,8736,36101,142957,142116,141828,141509,141956,30132,127765,125575,130996,127952,128630,5969,15192,16541,10832,13557,13326,5495,26979,29242,30874,35943,35942,-1611,-6660,-17495,-30934,-33766,-41607,3884,20319,11747,-60,2177,-5665,-726,-2323,-701,-25,-5503,1075,11.231157405,11.138494406,11.099248425,11.06520105,11.091928629,10.037625481,9.8420757339,10.251552209,10.005120556,10.050683166,1.1935319243,1.2964186718,0.8476962161,1.060080494,1.0412454627,2.1195561997,2.2918732121,2.4161533397,2.810538703,2.8083779394,-0.52323082,-1.371189448,-2.420848851,-2.640309653,-3.251020559,1.5963253798,0.9206837639,-0.004695511,0.1702290503,-0.442642619
040,1,1,44,Rhode Island,1052567,1052931,1053219,1051856,1052393,1052856,1054907,1056298,288,-1363,537,463,2051,1391,2875,11004,11010,10870,10827,10984,2335,9763,9314,9637,9682,9533,540,1241,1696,1233,1145,1451,860,3989,3968,4087,4667,4727,-1132,-6469,-5137,-5049,-3263,-4693,-272,-2480,-1169,-962,1404,34,20,-124,10,192,-498,-94,10.454734392,10.464541031,10.326569446,10.273451047,10.405431969,9.2756790138,8.8525645016,9.1552115688,9.186991137,9.0308615222,1.1790553781,1.6119765294,1.1713578774,1.0864599103,1.3745704467,3.7898887213,3.7714167858,3.882676111,4.4283916171,4.4780113727,-6.146099308,-4.882502023,-4.796582257,-3.096173526,-4.445802279,-2.356210586,-1.111085238,-0.913906146,1.3322180909,0.0322090939
040,3,5,45,South Carolina,4625364,4625401,4635894,4672733,4721341,4768498,4829160,4896146,10493,36839,48608,47157,60662,66986,14180,57472,57522,56574,57448,57905,9684,42032,42082,44665,45006,45097,4496,15440,15440,11909,12442,12808,1594,5149,6682,5577,6169,6803,4333,14932,26324,28597,39255,45582,5927,20081,33006,34174,45424,52385,70,1318,162,1074,2796,1793,12.348115356,12.246443875,11.923068452,11.97125382,11.908108598,9.0307625389,8.9592651708,9.4132260832,9.3785379725,9.2741554867,3.3173528169,3.2871787044,2.5098423693,2.592715848,2.6339531116,1.1062855994,1.4225989704,1.175362406,1.2855219471,1.3990305292,3.2082067527,5.6043842107,6.026867263,8.1801206086,9.373895279,4.3144923521,7.0269831811,7.202229669,9.4656425557,10.772925808
040,2,4,46,South Dakota,814180,814191,816299,824289,834631,845270,853304,858469,2108,7990,10342,10639,8034,5165,3032,11787,11891,12047,12433,12344,1928,7293,7434,7287,6859,6972,1104,4494,4457,4760,5574,5372,261,1268,1535,1496,1668,1696,804,2013,4341,4467,422,-1780,1065,3281,5876,5963,2090,-84,-61,215,9,-84,370,-123,14.369238346,14.335832952,14.34251185,14.639338645,14.422473073,8.8907147925,8.9624575025,8.6755112355,8.0761862598,8.1459399114,5.4785235538,5.3733754491,5.6670006149,6.5631523855,6.2765331618,1.5457872421,1.8506015962,1.7810573361,1.9640003909,1.9815711546,2.4539982006,5.2335254262,5.318170535,0.4968873891,-2.079715009,3.9997854428,7.0841270224,7.0992278712,2.46088778,-0.098143854
040,3,6,47,Tennessee,6346105,6346275,6356585,6398408,6455469,6496130,6547779,6600299,10310,41823,57061,40661,51649,52520,19663,78616,80305,80270,80350,81261,14315,60201,60628,63513,62948,62474,5348,18415,19677,16757,17402,18787,1854,7928,9263,9153,10505,10843,3187,15712,27829,13236,23555,21425,5041,23640,37092,22389,34060,32268,-79,-232,292,1515,187,1465,12.327094182,12.495062774,12.395380678,12.319926488,12.360894117,9.4395974972,9.4334184153,9.8077465184,9.6517079351,9.5031380252,2.8874966846,3.0616443584,2.5876341601,2.6682185532,2.8577560918,1.2431210272,1.4412772115,1.4134162122,1.6107134755,1.6493665462,2.4636626614,4.3300554377,2.0439175117,3.611647398,3.2590314721,3.7067836886,5.7713326493,3.4573337238,5.2223608736,4.9083980183
040,3,7,48,Texas,25145561,25146105,25244363,25654464,26089741,26500674,26979078,27469114,98258,410101,435277,410933,478404,490036,92767,381746,378122,384413,392893,398088,40892,168056,169063,178601,181504,182479,51875,213690,209059,205812,211389,215609,15377,78610,82165,86600,99139,101558,29950,115222,141906,116921,162390,170103,45327,193832,224071,203521,261529,271661,1056,2579,2147,1600,5486,2766,15.000188511,14.615047231,14.619127839,14.693149662,14.622634302,6.6035313545,6.5345674941,6.7921502426,6.7877652088,6.7028488292,8.3966571568,8.0804797368,7.8269775966,7.9053844528,7.9197854724,3.0888727554,3.1758145671,3.2933757986,3.7075340215,3.7304452644,4.5274913703,5.4849040583,4.4464756553,6.0729526195,6.2482515489,7.6163641256,8.6607186254,7.7398514539,9.780486641,9.9786968133
040,4,8,49,Utah,2763885,2763888,2775426,2816440,2856343,2903685,2944498,2995919,11538,41014,39903,47342,40813,51421,13752,51915,50446,51858,50941,51516,3696,15002,15472,16276,15841,15582,10056,36913,34974,35582,35100,35934,989,4917,5116,5526,6355,6441,516,-922,-85,6069,-305,9303,1505,3995,5031,11595,6050,15744,-23,106,-102,165,-337,-257,18.568041509,17.785274,18.00616247,17.421137471,17.344236945,5.3656507506,5.4548182083,5.651361417,5.4174091337,5.2460963599,13.202390758,12.330455792,12.354801053,12.003728338,12.098140585,1.7586258326,1.8037002297,1.9187406728,2.1733246036,2.1685346332,-0.329764698,-0.029967654,2.1072814229,-0.104305902,3.1321033523,1.4288611351,1.7737325754,4.0260220957,2.069018702,5.3006379855
040,1,1,50,Vermont,625741,625745,625984,626687,626398,627129,626767,626042,239,703,-289,731,-362,-725,1654,6052,6092,5972,5965,5981,1329,5431,5457,5556,5470,5295,325,621,635,416,495,686,98,619,723,789,907,914,-159,-442,-1644,-519,-1495,-2223,-61,177,-921,270,-588,-1309,-25,-95,-3,45,-269,-102,9.6625530566,9.7232031347,9.5283149067,9.5143456874,9.5481434121,8.6710716541,8.7097044494,8.8645876794,8.724806523,8.4530044085,0.9914814025,1.0134986852,0.6637272273,0.7895391643,1.0951390036,0.9882882257,1.1539520463,1.2588480344,1.4466909536,1.4591210631,-0.705692077,-2.623924155,-0.828063536,-2.384567779,-3.54882508,0.2825961485,-1.469972109,0.4307844985,-0.937876826,-2.089704017
040,3,5,51,Virginia,8001024,8001045,8025787,8110783,8193374,8267875,8328098,8382993,24742,84996,82591,74501,60223,54895,25718,102327,102766,102496,102785,103357,14683,60440,60211,63419,62742,63347,11035,41887,42555,39077,40043,40010,7882,29401,35132,33752,37450,38801,5775,10979,5007,2850,-18235,-23813,13657,40380,40139,36602,19215,14988,50,2729,-103,-1178,965,-103,12.682620904,12.606110209,12.453004022,12.386739843,12.36986861,7.4910591284,7.385969112,7.7052476395,7.5611113612,7.5814319963,5.1915617755,5.2201410965,4.7477563823,4.8256284823,4.7884366137,3.6440210032,4.3095757726,4.100782389,4.5131430378,4.6437422907,1.3607600624,0.6141991886,0.3462677711,-2.197521049,-2.849963536,5.0047810656,4.9237749612,4.44705016,2.3156219885,1.7937787545
040,4,9,53,Washington,6724540,6724543,6743060,6823229,6897292,6973281,7063166,7170351,18517,80169,74063,75989,89885,107185,22244,86703,86714,87244,87491,88782,11830,49834,49436,51322,52576,53174,10414,36869,37278,35922,34915,35608,4556,20064,23397,23990,27203,27906,3607,23434,13317,15344,27825,40799,8163,43498,36714,39334,55028,68705,-60,-198,71,733,-58,2872,12.782124868,12.640044791,12.579725437,12.466260158,12.475061504,7.3467401439,7.2061403499,7.4001268729,7.4913544717,7.4716600261,5.4353847246,5.4339044414,5.1795985645,4.9749056866,5.0034014784,2.9579201799,3.4105118895,3.459121696,3.8760521092,3.9211671999,3.4547399071,1.9411799304,2.21245366,3.9646785258,5.732806586,6.4126600871,5.3516918199,5.671575356,7.840730635,9.653973786
040,3,5,54,West Virginia,1852994,1853011,1854225,1854948,1856283,1852985,1848751,1844128,1214,723,1335,-3298,-4234,-4623,5104,20462,20678,20934,20705,20764,5235,21910,21492,22247,21617,21704,-131,-1448,-814,-1313,-912,-940,255,1018,1127,1170,1344,1345,1215,1045,1041,-2632,-4150,-4685,1470,2063,2168,-1462,-2806,-3340,-125,108,-19,-523,-516,-343,11.033187182,11.143472341,11.287402258,11.18664324,11.245426671,11.813954216,11.582140804,11.995358653,11.679385024,11.754514567,-0.780767034,-0.438668463,-0.707956395,-0.492741784,-0.509087896,0.54890942,0.6073456489,0.6308522328,0.7261457867,0.7284289575,0.5634679213,0.5609998408,-1.419147929,-2.242191231,-2.537315737,1.1123773413,1.1683454897,-0.788295696,-1.516045445,-1.808886779
040,2,3,55,Wisconsin,5686986,5687289,5690204,5709720,5726422,5743653,5759432,5771337,2915,19516,16702,17231,15779,11905,17558,67792,67645,66890,66628,66859,11745,48488,47889,50037,48540,47984,5813,19304,19756,16853,18088,18875,1238,5872,6607,7216,8499,8569,-3853,-6202,-9525,-7620,-9443,-15568,-2615,-330,-2918,-404,-944,-6999,-283,542,-136,782,-1365,29,11.893412623,11.830038487,11.663393657,11.584370628,11.596624648,8.5067233782,8.3750271726,8.7247903784,8.4394751495,8.32277535,3.3866892446,3.4550113141,2.9386032785,3.144895478,3.2738492983,1.0301823065,1.1554595947,1.2582306567,1.47769055,1.4862842192,-1.088077429,-1.665771551,-1.328674834,-1.641820433,-2.700253556,-0.057895123,-0.510311957,-0.070444178,-0.164129883,-1.213969337
040,4,8,56,Wyoming,563626,563767,564516,567768,577080,583131,584304,586107,749,3252,9312,6051,1173,1803,1995,7471,7434,7509,7758,7695,1293,4447,4383,4615,4408,4606,702,3024,3051,2894,3350,3089,113,380,606,553,619,661,-94,-216,5516,2603,-2795,-1885,19,164,6122,3156,-2176,-1224,28,64,139,1,-1,-62,13.196335902,12.986876861,12.944197219,13.290675712,13.149227066,7.8549197904,7.6569116599,7.9554494829,7.5515981618,7.870739424,5.3414161112,5.3299652006,4.9887477364,5.7390775504,5.2784876424,0.6712096965,1.0586558216,0.9532748784,1.0604444787,1.1295177506,-0.381529722,9.6362137157,4.4871148438,-4.78827515,-3.221090711,0.2896799743,10.694869537,5.4403897222,-3.727830672,-2.09157296
040,X,X,72,Puerto Rico,3725789,3726157,3721526,3678736,3634487,3593079,3534888,3474182,-4631,-42790,-44249,-41408,-58191,-60706,9603,41243,40282,37871,35717,34422,7137,30257,29747,29396,28819,30039,2466,10986,10535,8475,6898,4383,-7097,-53776,-54784,-49883,-65089,-65089,0,0,0,0,0,0,-7097,-53776,-54784,-49883,-65089,-65089,0,0,0,0,0,0,11.146362115,11.016209953,10.47959991,10.021651335,9.8221304681,8.1772780477,8.1351272893,8.1344120552,8.0861766055,8.5714652586,2.9690840676,2.8810826636,2.3451878544,1.9354747293,1.2506652095,-14.53353949,-14.9821768,-13.8035405,-18.2629914,-18.57279211,0,0,0,0,0,-14.53353949,-14.9821768,-13.8035405,-18.2629914,-18.57279211
